quantity_name;unit;depth_from[m];depth_to[m];value;description;quantity_source_name;quantity_source_description;quantity_source_provider;quantity_source_version;quantity_source_resolution;quantity_source_timerange;quantity_source_url;
saturation;m^3*m^-3;0.00;0.30;0.43;;HWSD;Harmonized World Soil Database v1.1  by IIASA;IIASA;v1.1;30";None;http://webarchive.iiasa.ac.at/Research/LUC/External-World-soil-database/HTML/;
clay fraction;% weight;0.00;0.30;19.00;;HWSD;Harmonized World Soil Database v1.1  by IIASA;IIASA;v1.1;30";None;http://webarchive.iiasa.ac.at/Research/LUC/External-World-soil-database/HTML/;
organic carbon;% weight;0.00;0.30;0.82;;HWSD;Harmonized World Soil Database v1.1  by IIASA;IIASA;v1.1;30";None;http://webarchive.iiasa.ac.at/Research/LUC/External-World-soil-database/HTML/;
sand fraction;% weight;0.00;0.30;37.00;;HWSD;Harmonized World Soil Database v1.1  by IIASA;IIASA;v1.1;30";None;http://webarchive.iiasa.ac.at/Research/LUC/External-World-soil-database/HTML/;
silt fraction;% weight;0.00;0.30;44.00;;HWSD;Harmonized World Soil Database v1.1  by IIASA;IIASA;v1.1;30";None;http://webarchive.iiasa.ac.at/Research/LUC/External-World-soil-database/HTML/;
saturation;m^3*m^-3;0.05;0.05;0.63;;insitu_calculated;calculated with in situ data;None;None;None;None;None;
clay fraction;% weight;0.05;0.05;19.00;;insitu;in situ;None;None;None;None;None;
organic carbon;% weight;0.05;0.05;6.35;;insitu;in situ;None;None;None;None;None;
sand fraction;% weight;0.05;0.05;62.00;;insitu;in situ;None;None;None;None;None;
silt fraction;% weight;0.05;0.05;19.00;;insitu;in situ;None;None;None;None;None;
saturation;m^3*m^-3;0.30;1.00;0.44;;HWSD;Harmonized World Soil Database v1.1  by IIASA;IIASA;v1.1;30";None;http://webarchive.iiasa.ac.at/Research/LUC/External-World-soil-database/HTML/;
clay fraction;% weight;0.30;1.00;32.00;;HWSD;Harmonized World Soil Database v1.1  by IIASA;IIASA;v1.1;30";None;http://webarchive.iiasa.ac.at/Research/LUC/External-World-soil-database/HTML/;
organic carbon;% weight;0.30;1.00;0.39;;HWSD;Harmonized World Soil Database v1.1  by IIASA;IIASA;v1.1;30";None;http://webarchive.iiasa.ac.at/Research/LUC/External-World-soil-database/HTML/;
sand fraction;% weight;0.30;1.00;33.00;;HWSD;Harmonized World Soil Database v1.1  by IIASA;IIASA;v1.1;30";None;http://webarchive.iiasa.ac.at/Research/LUC/External-World-soil-database/HTML/;
silt fraction;% weight;0.30;1.00;35.00;;HWSD;Harmonized World Soil Database v1.1  by IIASA;IIASA;v1.1;30";None;http://webarchive.iiasa.ac.at/Research/LUC/External-World-soil-database/HTML/;
saturation;m^3*m^-3;0.51;0.51;0.40;;insitu_calculated;calculated with in situ data;None;None;None;None;None;
clay fraction;% weight;0.51;0.51;18.00;;insitu;in situ;None;None;None;None;None;
organic carbon;% weight;0.51;0.51;0.53;;insitu;in situ;None;None;None;None;None;
sand fraction;% weight;0.51;0.51;72.00;;insitu;in situ;None;None;None;None;None;
silt fraction;% weight;0.51;0.51;10.00;;insitu;in situ;None;None;None;None;None;
organic carbon;% weight;-99.90;-99.90;6.35;;insitu;in situ;None;None;None;None;None;
land cover classification;;;;130;Grassland;CCI_landcover_2000;ESA CCI Land Cover;ESA;2000-v1.6.1;300m;1998-2002;http://www.esa-landcover-cci.org/;
land cover classification;;;;130;Grassland;CCI_landcover_2005;ESA CCI Land Cover;ESA;2005-v1.6.1;300m;2003-2007;http://www.esa-landcover-cci.org/;
land cover classification;;;;130;Grassland;CCI_landcover_2010;ESA CCI Land Cover;ESA;2010-v1.6.1;300m;2008-2012;http://www.esa-landcover-cci.org/;
land cover classification;;;;None;undeveloped area: transition zone between fen and high altitute meadow, mixed grasses are dominant vegetation;insitu;in situ;None;None;None;None;None;
soil classification;;;;None;clay loam;insitu;in situ;None;None;None;None;None;
climate classification;;;;Dfc;Cold - Without dry season - Cold Summer;koeppen_geiger_2007;Koeppen-Geiger Climate Classification;None;Peel2007;0.1°;None;http://www.hydrol-earth-syst-sci.net/11/1633/2007/;
climate classification;;;;Dfc;Cold - Without dry season - Cold Summer;koeppen_geiger_2017;Version 2017 Koeppen-Geiger Climate Classification;None;Rubel2017;0.08°;None;http://koeppen-geiger.vu-wien.ac.at/pdf/Paper_2017.pdf;
