quantity_name;unit;depth_from[m];depth_to[m];value;description;quantity_source_name;quantity_source_description;quantity_source_provider;quantity_source_version;quantity_source_resolution;quantity_source_timerange;quantity_source_url;
saturation;m^3*m^-3;0.00;0.30;0.53;;HWSD;Harmonized World Soil Database v1.1  by IIASA;IIASA;v1.1;30";None;http://webarchive.iiasa.ac.at/Research/LUC/External-World-soil-database/HTML/;
clay fraction;% weight;0.00;0.30;55.00;;HWSD;Harmonized World Soil Database v1.1  by IIASA;IIASA;v1.1;30";None;http://webarchive.iiasa.ac.at/Research/LUC/External-World-soil-database/HTML/;
organic carbon;% weight;0.00;0.30;2.19;;HWSD;Harmonized World Soil Database v1.1  by IIASA;IIASA;v1.1;30";None;http://webarchive.iiasa.ac.at/Research/LUC/External-World-soil-database/HTML/;
sand fraction;% weight;0.00;0.30;15.00;;HWSD;Harmonized World Soil Database v1.1  by IIASA;IIASA;v1.1;30";None;http://webarchive.iiasa.ac.at/Research/LUC/External-World-soil-database/HTML/;
silt fraction;% weight;0.00;0.30;30.00;;HWSD;Harmonized World Soil Database v1.1  by IIASA;IIASA;v1.1;30";None;http://webarchive.iiasa.ac.at/Research/LUC/External-World-soil-database/HTML/;
bulk density;g/cm3;0.05;0.05;1.36;;insitu;in situ;None;None;None;None;None;
clay fraction;% weight;0.05;0.05;6.50;;insitu;in situ;None;None;None;None;None;
sand fraction;% weight;0.05;0.05;51.60;;insitu;in situ;None;None;None;None;None;
silt fraction;% weight;0.05;0.05;41.90;;insitu;in situ;None;None;None;None;None;
bulk density;g/cm3;0.20;0.20;1.42;;insitu;in situ;None;None;None;None;None;
clay fraction;% weight;0.20;0.20;6.50;;insitu;in situ;None;None;None;None;None;
sand fraction;% weight;0.20;0.20;47.90;;insitu;in situ;None;None;None;None;None;
silt fraction;% weight;0.20;0.20;45.60;;insitu;in situ;None;None;None;None;None;
bulk density;g/cm3;0.50;0.50;1.29;;insitu;in situ;None;None;None;None;None;
clay fraction;% weight;0.50;0.50;5.00;;insitu;in situ;None;None;None;None;None;
sand fraction;% weight;0.50;0.50;71.20;;insitu;in situ;None;None;None;None;None;
silt fraction;% weight;0.50;0.50;23.80;;insitu;in situ;None;None;None;None;None;
bulk density;g/cm3;1.00;1.00;1.29;;insitu;in situ;None;None;None;None;None;
clay fraction;% weight;1.00;1.00;28.00;;insitu;in situ;None;None;None;None;None;
sand fraction;% weight;1.00;1.00;39.70;;insitu;in situ;None;None;None;None;None;
silt fraction;% weight;1.00;1.00;32.30;;insitu;in situ;None;None;None;None;None;
saturation;m^3*m^-3;0.30;1.00;0.49;;HWSD;Harmonized World Soil Database v1.1  by IIASA;IIASA;v1.1;30";None;http://webarchive.iiasa.ac.at/Research/LUC/External-World-soil-database/HTML/;
clay fraction;% weight;0.30;1.00;50.00;;HWSD;Harmonized World Soil Database v1.1  by IIASA;IIASA;v1.1;30";None;http://webarchive.iiasa.ac.at/Research/LUC/External-World-soil-database/HTML/;
organic carbon;% weight;0.30;1.00;0.79;;HWSD;Harmonized World Soil Database v1.1  by IIASA;IIASA;v1.1;30";None;http://webarchive.iiasa.ac.at/Research/LUC/External-World-soil-database/HTML/;
sand fraction;% weight;0.30;1.00;25.00;;HWSD;Harmonized World Soil Database v1.1  by IIASA;IIASA;v1.1;30";None;http://webarchive.iiasa.ac.at/Research/LUC/External-World-soil-database/HTML/;
silt fraction;% weight;0.30;1.00;25.00;;HWSD;Harmonized World Soil Database v1.1  by IIASA;IIASA;v1.1;30";None;http://webarchive.iiasa.ac.at/Research/LUC/External-World-soil-database/HTML/;
land cover classification;;;;10;Cropland, rainfed;CCI_landcover_2000;ESA CCI Land Cover;ESA;2000-v1.6.1;300m;1998-2002;http://www.esa-landcover-cci.org/;
land cover classification;;;;10;Cropland, rainfed;CCI_landcover_2005;ESA CCI Land Cover;ESA;2005-v1.6.1;300m;2003-2007;http://www.esa-landcover-cci.org/;
land cover classification;;;;10;Cropland, rainfed;CCI_landcover_2010;ESA CCI Land Cover;ESA;2010-v1.6.1;300m;2008-2012;http://www.esa-landcover-cci.org/;
climate classification;;;;Dfb;Cold - Without dry season - Warm Summer;koeppen_geiger_2007;Koeppen-Geiger Climate Classification;None;Peel2007;0.1°;None;http://www.hydrol-earth-syst-sci.net/11/1633/2007/;
climate classification;;;;Dfb;Cold - Without dry season - Warm Summer;koeppen_geiger_2017;Version 2017 Koeppen-Geiger Climate Classification;None;Rubel2017;0.08°;None;http://koeppen-geiger.vu-wien.ac.at/pdf/Paper_2017.pdf;
